game_id,agent_id,role,model_name,color,timestamp
c6c045d2-fe57-4c29-b767-793eeac4ac99,Agent_1,honest,gpt-4o,ðŸ”´
c6c045d2-fe57-4c29-b767-793eeac4ac99,Agent_2,byzantine,gpt-4,ðŸ”µ
c6c045d2-fe57-4c29-b767-793eeac4ac99,Agent_3,honest,claude-3-opus-20240229,ðŸŸ¢
c6c045d2-fe57-4c29-b767-793eeac4ac99,Agent_4,honest,claude-3-haiku-20240307,ðŸ’—
c6c045d2-fe57-4c29-b767-793eeac4ac99,Agent_5,byzantine,gpt-4-turbo,ðŸŸ 
c6c045d2-fe57-4c29-b767-793eeac4ac99,Agent_6,honest,gpt-4o,ðŸŸ¡
c6c045d2-fe57-4c29-b767-793eeac4ac99,Agent_7,honest,gpt-4-turbo,âš«
c6c045d2-fe57-4c29-b767-793eeac4ac99,Agent_8,honest,gpt-4,âšª
14db9558-bc35-4a89-b577-b9f50fb5d861,Agent_1,honest,gpt-4o,ðŸ”´
14db9558-bc35-4a89-b577-b9f50fb5d861,Agent_2,byzantine,gpt-4,ðŸ”µ
14db9558-bc35-4a89-b577-b9f50fb5d861,Agent_3,honest,claude-3-opus-20240229,ðŸŸ¢
14db9558-bc35-4a89-b577-b9f50fb5d861,Agent_4,honest,claude-3-haiku-20240307,ðŸ’—
14db9558-bc35-4a89-b577-b9f50fb5d861,Agent_5,byzantine,gpt-4-turbo,ðŸŸ 
14db9558-bc35-4a89-b577-b9f50fb5d861,Agent_6,honest,gpt-4o,ðŸŸ¡
14db9558-bc35-4a89-b577-b9f50fb5d861,Agent_7,honest,gpt-4-turbo,âš«
14db9558-bc35-4a89-b577-b9f50fb5d861,Agent_8,honest,gpt-4,âšª
2bb4ec56-20c4-4f72-9ea5-15a6aae929f6,Agent_1,honest,gpt-4o,ðŸ”´
2bb4ec56-20c4-4f72-9ea5-15a6aae929f6,Agent_2,byzantine,gpt-4,ðŸ”µ
2bb4ec56-20c4-4f72-9ea5-15a6aae929f6,Agent_3,honest,claude-3-opus-20240229,ðŸŸ¢
2bb4ec56-20c4-4f72-9ea5-15a6aae929f6,Agent_4,honest,claude-3-haiku-20240307,ðŸ’—
2bb4ec56-20c4-4f72-9ea5-15a6aae929f6,Agent_5,byzantine,gpt-4-turbo,ðŸŸ 
2bb4ec56-20c4-4f72-9ea5-15a6aae929f6,Agent_6,honest,gpt-4o,ðŸŸ¡
2bb4ec56-20c4-4f72-9ea5-15a6aae929f6,Agent_7,honest,gpt-4-turbo,âš«
2bb4ec56-20c4-4f72-9ea5-15a6aae929f6,Agent_8,honest,gpt-4,âšª
c8cda847-ca00-46c9-bc17-64b305e5812d,Agent_1,honest,gpt-4o,ðŸ”´
c8cda847-ca00-46c9-bc17-64b305e5812d,Agent_2,byzantine,gpt-4,ðŸ”µ
c8cda847-ca00-46c9-bc17-64b305e5812d,Agent_3,honest,claude-3-opus-20240229,ðŸŸ¢
c8cda847-ca00-46c9-bc17-64b305e5812d,Agent_4,honest,claude-3-haiku-20240307,ðŸ’—
c8cda847-ca00-46c9-bc17-64b305e5812d,Agent_5,byzantine,gpt-4-turbo,ðŸŸ 
c8cda847-ca00-46c9-bc17-64b305e5812d,Agent_6,honest,gpt-4o,ðŸŸ¡
c8cda847-ca00-46c9-bc17-64b305e5812d,Agent_7,honest,gpt-4-turbo,âš«
c8cda847-ca00-46c9-bc17-64b305e5812d,Agent_8,honest,gpt-4,âšª
5c238110-c4db-4b9f-b019-2664fbd779f1,Agent_1,honest,gpt-4o,ðŸ”´
5c238110-c4db-4b9f-b019-2664fbd779f1,Agent_2,byzantine,gpt-4,ðŸ”µ
5c238110-c4db-4b9f-b019-2664fbd779f1,Agent_3,honest,claude-3-opus-20240229,ðŸŸ¢
5c238110-c4db-4b9f-b019-2664fbd779f1,Agent_4,honest,claude-3-haiku-20240307,ðŸ’—
5c238110-c4db-4b9f-b019-2664fbd779f1,Agent_5,byzantine,gpt-4-turbo,ðŸŸ 
5c238110-c4db-4b9f-b019-2664fbd779f1,Agent_6,honest,gpt-4o,ðŸŸ¡
5c238110-c4db-4b9f-b019-2664fbd779f1,Agent_7,honest,gpt-4-turbo,âš«
5c238110-c4db-4b9f-b019-2664fbd779f1,Agent_8,honest,gpt-4,âšª
6c9388dd-f658-4152-b891-429b3d53a7a4,Agent_1,honest,gpt-4o,ðŸ”´
6c9388dd-f658-4152-b891-429b3d53a7a4,Agent_2,byzantine,gpt-4,ðŸ”µ
6c9388dd-f658-4152-b891-429b3d53a7a4,Agent_3,honest,claude-3-opus-20240229,ðŸŸ¢
6c9388dd-f658-4152-b891-429b3d53a7a4,Agent_4,honest,claude-3-haiku-20240307,ðŸ’—
6c9388dd-f658-4152-b891-429b3d53a7a4,Agent_5,byzantine,gpt-4-turbo,ðŸŸ 
6c9388dd-f658-4152-b891-429b3d53a7a4,Agent_6,honest,gpt-4o,ðŸŸ¡
6c9388dd-f658-4152-b891-429b3d53a7a4,Agent_7,honest,gpt-4-turbo,âš«
6c9388dd-f658-4152-b891-429b3d53a7a4,Agent_8,honest,gpt-4,âšª
96d84705-401b-42b1-8201-bdf69e39fd1a,Agent_1,honest,gpt-4o,ðŸ”´
96d84705-401b-42b1-8201-bdf69e39fd1a,Agent_2,byzantine,gpt-4,ðŸ”µ
96d84705-401b-42b1-8201-bdf69e39fd1a,Agent_3,honest,claude-3-opus-20240229,ðŸŸ¢
96d84705-401b-42b1-8201-bdf69e39fd1a,Agent_4,honest,claude-3-haiku-20240307,ðŸ’—
96d84705-401b-42b1-8201-bdf69e39fd1a,Agent_5,byzantine,gpt-4-turbo,ðŸŸ 
96d84705-401b-42b1-8201-bdf69e39fd1a,Agent_6,honest,gpt-4o,ðŸŸ¡
96d84705-401b-42b1-8201-bdf69e39fd1a,Agent_7,honest,gpt-4-turbo,âš«
96d84705-401b-42b1-8201-bdf69e39fd1a,Agent_8,honest,gpt-4,âšª
6a5f6081-91c4-47ef-ad64-53e1adc5500e,Agent_1,honest,gpt-4o,ðŸ”´
6a5f6081-91c4-47ef-ad64-53e1adc5500e,Agent_2,byzantine,gpt-4,ðŸ”µ
6a5f6081-91c4-47ef-ad64-53e1adc5500e,Agent_3,honest,claude-3-opus-20240229,ðŸŸ¢
6a5f6081-91c4-47ef-ad64-53e1adc5500e,Agent_4,honest,claude-3-haiku-20240307,ðŸ’—
6a5f6081-91c4-47ef-ad64-53e1adc5500e,Agent_5,byzantine,gpt-4-turbo,ðŸŸ 
6a5f6081-91c4-47ef-ad64-53e1adc5500e,Agent_6,honest,gpt-4o,ðŸŸ¡
6a5f6081-91c4-47ef-ad64-53e1adc5500e,Agent_7,honest,gpt-4-turbo,âš«
6a5f6081-91c4-47ef-ad64-53e1adc5500e,Agent_8,honest,gpt-4,âšª
4a75417f-6f78-4a78-ae49-8953b17fd748,Agent_1,honest,gpt-4o,ðŸ”´
4a75417f-6f78-4a78-ae49-8953b17fd748,Agent_2,byzantine,gpt-4,ðŸ”µ
4a75417f-6f78-4a78-ae49-8953b17fd748,Agent_3,honest,claude-3-opus-20240229,ðŸŸ¢
4a75417f-6f78-4a78-ae49-8953b17fd748,Agent_4,honest,claude-3-haiku-20240307,ðŸ’—
4a75417f-6f78-4a78-ae49-8953b17fd748,Agent_5,byzantine,gpt-4-turbo,ðŸŸ 
4a75417f-6f78-4a78-ae49-8953b17fd748,Agent_6,honest,gpt-4o,ðŸŸ¡
4a75417f-6f78-4a78-ae49-8953b17fd748,Agent_7,honest,gpt-4-turbo,âš«
4a75417f-6f78-4a78-ae49-8953b17fd748,Agent_8,honest,gpt-4,âšª
d9202a45-37f9-4608-8a39-22d0e8c452c1,Agent_1,honest,gpt-4o,ðŸ”´
d9202a45-37f9-4608-8a39-22d0e8c452c1,Agent_2,byzantine,gpt-4,ðŸ”µ
d9202a45-37f9-4608-8a39-22d0e8c452c1,Agent_3,honest,claude-3-opus-20240229,ðŸŸ¢
d9202a45-37f9-4608-8a39-22d0e8c452c1,Agent_4,honest,claude-3-haiku-20240307,ðŸ’—
d9202a45-37f9-4608-8a39-22d0e8c452c1,Agent_5,byzantine,gpt-4-turbo,ðŸŸ 
d9202a45-37f9-4608-8a39-22d0e8c452c1,Agent_6,honest,gpt-4o,ðŸŸ¡
d9202a45-37f9-4608-8a39-22d0e8c452c1,Agent_7,honest,gpt-4-turbo,âš«
d9202a45-37f9-4608-8a39-22d0e8c452c1,Agent_8,honest,gpt-4,âšª
747297de-eb06-468e-8230-4c786166d370,Agent_1,honest,gpt-4o,ðŸ”´
747297de-eb06-468e-8230-4c786166d370,Agent_2,byzantine,gpt-4,ðŸ”µ
747297de-eb06-468e-8230-4c786166d370,Agent_3,honest,claude-3-opus-20240229,ðŸŸ¢
747297de-eb06-468e-8230-4c786166d370,Agent_4,honest,claude-3-haiku-20240307,ðŸ’—
747297de-eb06-468e-8230-4c786166d370,Agent_5,byzantine,gpt-4-turbo,ðŸŸ 
747297de-eb06-468e-8230-4c786166d370,Agent_6,honest,gpt-4o,ðŸŸ¡
747297de-eb06-468e-8230-4c786166d370,Agent_7,honest,gpt-4-turbo,âš«
747297de-eb06-468e-8230-4c786166d370,Agent_8,honest,gpt-4,âšª
ce573ea7-0588-4235-9836-c8542df5661f,Agent_1,honest,gpt-4o,ðŸ”´
ce573ea7-0588-4235-9836-c8542df5661f,Agent_2,byzantine,gpt-4,ðŸ”µ
ce573ea7-0588-4235-9836-c8542df5661f,Agent_3,honest,claude-3-opus-20240229,ðŸŸ¢
ce573ea7-0588-4235-9836-c8542df5661f,Agent_4,honest,claude-3-haiku-20240307,ðŸ’—
ce573ea7-0588-4235-9836-c8542df5661f,Agent_5,byzantine,gpt-4-turbo,ðŸŸ 
ce573ea7-0588-4235-9836-c8542df5661f,Agent_6,honest,gpt-4o,ðŸŸ¡
ce573ea7-0588-4235-9836-c8542df5661f,Agent_7,honest,gpt-4-turbo,âš«
ce573ea7-0588-4235-9836-c8542df5661f,Agent_8,honest,gpt-4,âšª
99f63503-e491-40bf-8db6-cf5065521d11,Agent_1,honest,gpt-4o,ðŸ”´
99f63503-e491-40bf-8db6-cf5065521d11,Agent_2,byzantine,gpt-4,ðŸ”µ
99f63503-e491-40bf-8db6-cf5065521d11,Agent_3,honest,claude-3-opus-20240229,ðŸŸ¢
99f63503-e491-40bf-8db6-cf5065521d11,Agent_4,honest,claude-3-haiku-20240307,ðŸ’—
99f63503-e491-40bf-8db6-cf5065521d11,Agent_5,byzantine,gpt-4-turbo,ðŸŸ 
99f63503-e491-40bf-8db6-cf5065521d11,Agent_6,honest,gpt-4o,ðŸŸ¡
99f63503-e491-40bf-8db6-cf5065521d11,Agent_7,honest,gpt-4-turbo,âš«
99f63503-e491-40bf-8db6-cf5065521d11,Agent_8,honest,gpt-4,âšª
48f69412-ba00-423e-9b94-eec6ff895f75,Agent_1,honest,gpt-4o,ðŸ”´
48f69412-ba00-423e-9b94-eec6ff895f75,Agent_2,byzantine,gpt-4,ðŸ”µ
48f69412-ba00-423e-9b94-eec6ff895f75,Agent_3,honest,claude-3-opus-20240229,ðŸŸ¢
48f69412-ba00-423e-9b94-eec6ff895f75,Agent_4,honest,claude-3-haiku-20240307,ðŸ’—
48f69412-ba00-423e-9b94-eec6ff895f75,Agent_5,byzantine,gpt-4-turbo,ðŸŸ 
48f69412-ba00-423e-9b94-eec6ff895f75,Agent_6,honest,gpt-4o,ðŸŸ¡
48f69412-ba00-423e-9b94-eec6ff895f75,Agent_7,honest,gpt-4-turbo,âš«
48f69412-ba00-423e-9b94-eec6ff895f75,Agent_8,honest,gpt-4,âšª
23ed7e14-84d0-479e-8df5-004d7129b363,Agent_1,honest,gpt-4o,ðŸ”´
23ed7e14-84d0-479e-8df5-004d7129b363,Agent_2,byzantine,gpt-4,ðŸ”µ
23ed7e14-84d0-479e-8df5-004d7129b363,Agent_3,honest,claude-3-opus-20240229,ðŸŸ¢
23ed7e14-84d0-479e-8df5-004d7129b363,Agent_4,honest,claude-3-haiku-20240307,ðŸ’—
23ed7e14-84d0-479e-8df5-004d7129b363,Agent_5,byzantine,gpt-4-turbo,ðŸŸ 
23ed7e14-84d0-479e-8df5-004d7129b363,Agent_6,honest,gpt-4o,ðŸŸ¡
23ed7e14-84d0-479e-8df5-004d7129b363,Agent_7,honest,gpt-4-turbo,âš«
23ed7e14-84d0-479e-8df5-004d7129b363,Agent_8,honest,gpt-4,âšª
757680e0-2063-4d92-bcc5-130bdba843fb,Agent_1,honest,gpt-4o,ðŸ”´
757680e0-2063-4d92-bcc5-130bdba843fb,Agent_2,byzantine,gpt-4,ðŸ”µ
757680e0-2063-4d92-bcc5-130bdba843fb,Agent_3,honest,claude-3-opus-20240229,ðŸŸ¢
757680e0-2063-4d92-bcc5-130bdba843fb,Agent_4,honest,claude-3-haiku-20240307,ðŸ’—
757680e0-2063-4d92-bcc5-130bdba843fb,Agent_5,byzantine,gpt-4-turbo,ðŸŸ 
757680e0-2063-4d92-bcc5-130bdba843fb,Agent_6,honest,gpt-4o,ðŸŸ¡
757680e0-2063-4d92-bcc5-130bdba843fb,Agent_7,honest,gpt-4-turbo,âš«
757680e0-2063-4d92-bcc5-130bdba843fb,Agent_8,honest,gpt-4,âšª
d3995b74-d11c-434b-977f-b23546caa27a,Agent_1,honest,gpt-4o,ðŸ”´
d3995b74-d11c-434b-977f-b23546caa27a,Agent_2,byzantine,gpt-4,ðŸ”µ
d3995b74-d11c-434b-977f-b23546caa27a,Agent_3,honest,claude-3-opus-20240229,ðŸŸ¢
d3995b74-d11c-434b-977f-b23546caa27a,Agent_4,honest,claude-3-haiku-20240307,ðŸ’—
d3995b74-d11c-434b-977f-b23546caa27a,Agent_5,byzantine,gpt-4-turbo,ðŸŸ 
d3995b74-d11c-434b-977f-b23546caa27a,Agent_6,honest,gpt-4o,ðŸŸ¡
d3995b74-d11c-434b-977f-b23546caa27a,Agent_7,honest,gpt-4-turbo,âš«
d3995b74-d11c-434b-977f-b23546caa27a,Agent_8,honest,gpt-4,âšª
707da000-25c8-464a-9c14-6ae41b2a6e77,Agent_1,honest,gpt-4o,ðŸ”´
707da000-25c8-464a-9c14-6ae41b2a6e77,Agent_2,byzantine,gpt-4,ðŸ”µ
707da000-25c8-464a-9c14-6ae41b2a6e77,Agent_3,honest,claude-3-opus-20240229,ðŸŸ¢
707da000-25c8-464a-9c14-6ae41b2a6e77,Agent_4,honest,claude-3-haiku-20240307,ðŸ’—
707da000-25c8-464a-9c14-6ae41b2a6e77,Agent_5,byzantine,gpt-4-turbo,ðŸŸ 
707da000-25c8-464a-9c14-6ae41b2a6e77,Agent_6,honest,gpt-4o,ðŸŸ¡
707da000-25c8-464a-9c14-6ae41b2a6e77,Agent_7,honest,gpt-4-turbo,âš«
707da000-25c8-464a-9c14-6ae41b2a6e77,Agent_8,honest,gpt-4,âšª
39ceb7f2-a20c-4520-8ebf-d131ef0507a1,Agent_1,honest,gpt-4o,ðŸ”´
39ceb7f2-a20c-4520-8ebf-d131ef0507a1,Agent_2,byzantine,gpt-4,ðŸ”µ
39ceb7f2-a20c-4520-8ebf-d131ef0507a1,Agent_3,honest,claude-3-opus-20240229,ðŸŸ¢
39ceb7f2-a20c-4520-8ebf-d131ef0507a1,Agent_4,honest,claude-3-haiku-20240307,ðŸ’—
39ceb7f2-a20c-4520-8ebf-d131ef0507a1,Agent_5,byzantine,gpt-4-turbo,ðŸŸ 
39ceb7f2-a20c-4520-8ebf-d131ef0507a1,Agent_6,honest,gpt-4o,ðŸŸ¡
39ceb7f2-a20c-4520-8ebf-d131ef0507a1,Agent_7,honest,gpt-4-turbo,âš«
39ceb7f2-a20c-4520-8ebf-d131ef0507a1,Agent_8,honest,gpt-4,âšª
397aa38d-a2ce-45b9-bdc0-59fae10782ce,Agent_1,honest,gpt-4o,ðŸ”´
397aa38d-a2ce-45b9-bdc0-59fae10782ce,Agent_2,byzantine,gpt-4,ðŸ”µ
397aa38d-a2ce-45b9-bdc0-59fae10782ce,Agent_3,honest,claude-3-opus-20240229,ðŸŸ¢
397aa38d-a2ce-45b9-bdc0-59fae10782ce,Agent_4,honest,claude-3-haiku-20240307,ðŸ’—
397aa38d-a2ce-45b9-bdc0-59fae10782ce,Agent_5,byzantine,gpt-4-turbo,ðŸŸ 
397aa38d-a2ce-45b9-bdc0-59fae10782ce,Agent_6,honest,gpt-4o,ðŸŸ¡
397aa38d-a2ce-45b9-bdc0-59fae10782ce,Agent_7,honest,gpt-4-turbo,âš«
397aa38d-a2ce-45b9-bdc0-59fae10782ce,Agent_8,honest,gpt-4,âšª
bbd579f0-c4f6-4ba6-8ffe-2a09934ff4e5,Agent_1,honest,gpt-4o,ðŸ”´
bbd579f0-c4f6-4ba6-8ffe-2a09934ff4e5,Agent_2,byzantine,gpt-4,ðŸ”µ
bbd579f0-c4f6-4ba6-8ffe-2a09934ff4e5,Agent_3,honest,claude-3-opus-20240229,ðŸŸ¢
bbd579f0-c4f6-4ba6-8ffe-2a09934ff4e5,Agent_4,honest,claude-3-haiku-20240307,ðŸ’—
bbd579f0-c4f6-4ba6-8ffe-2a09934ff4e5,Agent_5,byzantine,gpt-4-turbo,ðŸŸ 
bbd579f0-c4f6-4ba6-8ffe-2a09934ff4e5,Agent_6,honest,gpt-4o,ðŸŸ¡
bbd579f0-c4f6-4ba6-8ffe-2a09934ff4e5,Agent_7,honest,gpt-4-turbo,âš«
bbd579f0-c4f6-4ba6-8ffe-2a09934ff4e5,Agent_8,honest,gpt-4,âšª
d50f029d-4c6a-49a2-9732-4829c457648e,Agent_1,honest,gpt-4o,ðŸ”´
d50f029d-4c6a-49a2-9732-4829c457648e,Agent_2,byzantine,gpt-4,ðŸ”µ
d50f029d-4c6a-49a2-9732-4829c457648e,Agent_3,honest,claude-3-opus-20240229,ðŸŸ¢
d50f029d-4c6a-49a2-9732-4829c457648e,Agent_4,honest,claude-3-haiku-20240307,ðŸ’—
d50f029d-4c6a-49a2-9732-4829c457648e,Agent_5,byzantine,gpt-4-turbo,ðŸŸ 
d50f029d-4c6a-49a2-9732-4829c457648e,Agent_6,honest,gpt-4o,ðŸŸ¡
d50f029d-4c6a-49a2-9732-4829c457648e,Agent_7,honest,gpt-4-turbo,âš«
d50f029d-4c6a-49a2-9732-4829c457648e,Agent_8,honest,gpt-4,âšª
e2276aa0-79c8-400e-b6d6-1f31ea33bb86,Agent_1,honest,gpt-4o,ðŸ”´
e2276aa0-79c8-400e-b6d6-1f31ea33bb86,Agent_2,byzantine,gpt-4,ðŸ”µ
e2276aa0-79c8-400e-b6d6-1f31ea33bb86,Agent_3,honest,claude-3-opus-20240229,ðŸŸ¢
e2276aa0-79c8-400e-b6d6-1f31ea33bb86,Agent_4,honest,claude-3-haiku-20240307,ðŸ’—
e2276aa0-79c8-400e-b6d6-1f31ea33bb86,Agent_5,byzantine,gpt-4-turbo,ðŸŸ 
e2276aa0-79c8-400e-b6d6-1f31ea33bb86,Agent_6,honest,gpt-4o,ðŸŸ¡
e2276aa0-79c8-400e-b6d6-1f31ea33bb86,Agent_7,honest,gpt-4-turbo,âš«
e2276aa0-79c8-400e-b6d6-1f31ea33bb86,Agent_8,honest,gpt-4,âšª
5c489ac7-c213-4570-8438-4b1020968fe1,Agent_1,honest,gpt-4o,ðŸ”´
5c489ac7-c213-4570-8438-4b1020968fe1,Agent_2,byzantine,gpt-4,ðŸ”µ
5c489ac7-c213-4570-8438-4b1020968fe1,Agent_3,honest,claude-3-opus-20240229,ðŸŸ¢
5c489ac7-c213-4570-8438-4b1020968fe1,Agent_4,honest,claude-3-haiku-20240307,ðŸ’—
5c489ac7-c213-4570-8438-4b1020968fe1,Agent_5,byzantine,gpt-4-turbo,ðŸŸ 
5c489ac7-c213-4570-8438-4b1020968fe1,Agent_6,honest,gpt-4o,ðŸŸ¡
5c489ac7-c213-4570-8438-4b1020968fe1,Agent_7,honest,gpt-4-turbo,âš«
5c489ac7-c213-4570-8438-4b1020968fe1,Agent_8,honest,gpt-4,âšª
ac2aba69-454c-46bb-8d6a-f38597d368e9,Agent_1,honest,gpt-4o,ðŸ”´
ac2aba69-454c-46bb-8d6a-f38597d368e9,Agent_2,byzantine,gpt-4,ðŸ”µ
ac2aba69-454c-46bb-8d6a-f38597d368e9,Agent_3,honest,claude-3-opus-20240229,ðŸŸ¢
ac2aba69-454c-46bb-8d6a-f38597d368e9,Agent_4,honest,claude-3-haiku-20240307,ðŸ’—
ac2aba69-454c-46bb-8d6a-f38597d368e9,Agent_5,byzantine,gpt-4-turbo,ðŸŸ 
ac2aba69-454c-46bb-8d6a-f38597d368e9,Agent_6,honest,gpt-4o,ðŸŸ¡
ac2aba69-454c-46bb-8d6a-f38597d368e9,Agent_7,honest,gpt-4-turbo,âš«
ac2aba69-454c-46bb-8d6a-f38597d368e9,Agent_8,honest,gpt-4,âšª
9f262937-d054-4396-a7fa-02e1827544a9,Agent_1,honest,gpt-4o,ðŸ”´
9f262937-d054-4396-a7fa-02e1827544a9,Agent_2,byzantine,gpt-4,ðŸ”µ
9f262937-d054-4396-a7fa-02e1827544a9,Agent_3,honest,claude-3-opus-20240229,ðŸŸ¢
9f262937-d054-4396-a7fa-02e1827544a9,Agent_4,honest,claude-3-haiku-20240307,ðŸ’—
9f262937-d054-4396-a7fa-02e1827544a9,Agent_5,byzantine,gpt-4-turbo,ðŸŸ 
9f262937-d054-4396-a7fa-02e1827544a9,Agent_6,honest,gpt-4o,ðŸŸ¡
9f262937-d054-4396-a7fa-02e1827544a9,Agent_7,honest,gpt-4-turbo,âš«
9f262937-d054-4396-a7fa-02e1827544a9,Agent_8,honest,gpt-4,âšª
0304b12e-4e5b-49be-82f1-795520a3bb6c,Agent_1,honest,gpt-4o,ðŸ”´
0304b12e-4e5b-49be-82f1-795520a3bb6c,Agent_2,byzantine,gpt-4,ðŸ”µ
0304b12e-4e5b-49be-82f1-795520a3bb6c,Agent_3,honest,claude-3-opus-20240229,ðŸŸ¢
0304b12e-4e5b-49be-82f1-795520a3bb6c,Agent_4,honest,claude-3-haiku-20240307,ðŸ’—
0304b12e-4e5b-49be-82f1-795520a3bb6c,Agent_5,byzantine,gpt-4-turbo,ðŸŸ 
0304b12e-4e5b-49be-82f1-795520a3bb6c,Agent_6,honest,gpt-4o,ðŸŸ¡
0304b12e-4e5b-49be-82f1-795520a3bb6c,Agent_7,honest,gpt-4-turbo,âš«
0304b12e-4e5b-49be-82f1-795520a3bb6c,Agent_8,honest,gpt-4,âšª
1eff12d2-2ab8-4ffa-ab14-32b9c932fcc1,Agent_1,honest,gpt-4o,ðŸ”´
1eff12d2-2ab8-4ffa-ab14-32b9c932fcc1,Agent_2,byzantine,gpt-4,ðŸ”µ
1eff12d2-2ab8-4ffa-ab14-32b9c932fcc1,Agent_3,honest,claude-3-opus-20240229,ðŸŸ¢
1eff12d2-2ab8-4ffa-ab14-32b9c932fcc1,Agent_4,honest,claude-3-haiku-20240307,ðŸ’—
1eff12d2-2ab8-4ffa-ab14-32b9c932fcc1,Agent_5,byzantine,gpt-4-turbo,ðŸŸ 
1eff12d2-2ab8-4ffa-ab14-32b9c932fcc1,Agent_6,honest,gpt-4o,ðŸŸ¡
1eff12d2-2ab8-4ffa-ab14-32b9c932fcc1,Agent_7,honest,gpt-4-turbo,âš«
1eff12d2-2ab8-4ffa-ab14-32b9c932fcc1,Agent_8,honest,gpt-4,âšª
2ec14298-4eae-4c3b-9f1d-8b34da77a5cc,Agent_1,honest,gpt-4o,ðŸ”´
2ec14298-4eae-4c3b-9f1d-8b34da77a5cc,Agent_2,byzantine,gpt-4,ðŸ”µ
2ec14298-4eae-4c3b-9f1d-8b34da77a5cc,Agent_3,honest,claude-3-opus-20240229,ðŸŸ¢
2ec14298-4eae-4c3b-9f1d-8b34da77a5cc,Agent_4,honest,claude-3-haiku-20240307,ðŸ’—
2ec14298-4eae-4c3b-9f1d-8b34da77a5cc,Agent_5,byzantine,gpt-4-turbo,ðŸŸ 
2ec14298-4eae-4c3b-9f1d-8b34da77a5cc,Agent_6,honest,gpt-4o,ðŸŸ¡
2ec14298-4eae-4c3b-9f1d-8b34da77a5cc,Agent_7,honest,gpt-4-turbo,âš«
2ec14298-4eae-4c3b-9f1d-8b34da77a5cc,Agent_8,honest,gpt-4,âšª
f4ded968-3ad5-4700-a254-2c9f8061cf30,Agent_1,honest,gpt-4o,ðŸ”´
f4ded968-3ad5-4700-a254-2c9f8061cf30,Agent_2,byzantine,gpt-4,ðŸ”µ
f4ded968-3ad5-4700-a254-2c9f8061cf30,Agent_3,honest,claude-3-opus-20240229,ðŸŸ¢
f4ded968-3ad5-4700-a254-2c9f8061cf30,Agent_4,honest,claude-3-haiku-20240307,ðŸ’—
f4ded968-3ad5-4700-a254-2c9f8061cf30,Agent_5,byzantine,gpt-4-turbo,ðŸŸ 
f4ded968-3ad5-4700-a254-2c9f8061cf30,Agent_6,honest,gpt-4o,ðŸŸ¡
f4ded968-3ad5-4700-a254-2c9f8061cf30,Agent_7,honest,gpt-4-turbo,âš«
f4ded968-3ad5-4700-a254-2c9f8061cf30,Agent_8,honest,gpt-4,âšª
1807a926-d5bd-4db7-8a1a-60d72a68d351,Agent_1,honest,gpt-4o,ðŸ”´
1807a926-d5bd-4db7-8a1a-60d72a68d351,Agent_2,byzantine,gpt-4,ðŸ”µ
1807a926-d5bd-4db7-8a1a-60d72a68d351,Agent_3,honest,claude-3-opus-20240229,ðŸŸ¢
1807a926-d5bd-4db7-8a1a-60d72a68d351,Agent_4,honest,claude-3-haiku-20240307,ðŸ’—
1807a926-d5bd-4db7-8a1a-60d72a68d351,Agent_5,byzantine,gpt-4-turbo,ðŸŸ 
1807a926-d5bd-4db7-8a1a-60d72a68d351,Agent_6,honest,gpt-4o,ðŸŸ¡
1807a926-d5bd-4db7-8a1a-60d72a68d351,Agent_7,honest,gpt-4-turbo,âš«
1807a926-d5bd-4db7-8a1a-60d72a68d351,Agent_8,honest,gpt-4,âšª
425ed55e-4a40-465e-b3c1-22cec2d10a40,Agent_1,honest,gpt-4o,ðŸ”´
425ed55e-4a40-465e-b3c1-22cec2d10a40,Agent_2,byzantine,gpt-4,ðŸ”µ
425ed55e-4a40-465e-b3c1-22cec2d10a40,Agent_3,honest,claude-3-opus-20240229,ðŸŸ¢
425ed55e-4a40-465e-b3c1-22cec2d10a40,Agent_4,honest,claude-3-haiku-20240307,ðŸ’—
425ed55e-4a40-465e-b3c1-22cec2d10a40,Agent_5,byzantine,gpt-4-turbo,ðŸŸ 
425ed55e-4a40-465e-b3c1-22cec2d10a40,Agent_6,honest,gpt-4o,ðŸŸ¡
425ed55e-4a40-465e-b3c1-22cec2d10a40,Agent_7,honest,gpt-4-turbo,âš«
425ed55e-4a40-465e-b3c1-22cec2d10a40,Agent_8,honest,gpt-4,âšª
31761cf7-60b6-4668-aebd-d3fa30974263,Agent_1,honest,gpt-4o,ðŸ”´
31761cf7-60b6-4668-aebd-d3fa30974263,Agent_2,byzantine,gpt-4,ðŸ”µ
31761cf7-60b6-4668-aebd-d3fa30974263,Agent_3,honest,claude-3-opus-20240229,ðŸŸ¢
31761cf7-60b6-4668-aebd-d3fa30974263,Agent_4,honest,claude-3-haiku-20240307,ðŸ’—
31761cf7-60b6-4668-aebd-d3fa30974263,Agent_5,byzantine,gpt-4-turbo,ðŸŸ 
31761cf7-60b6-4668-aebd-d3fa30974263,Agent_6,honest,gpt-4o,ðŸŸ¡
31761cf7-60b6-4668-aebd-d3fa30974263,Agent_7,honest,gpt-4-turbo,âš«
31761cf7-60b6-4668-aebd-d3fa30974263,Agent_8,honest,gpt-4,âšª
d80ff599-610d-490f-be70-e05daf6840ac,Agent_1,honest,gpt-4o,ðŸ”´
d80ff599-610d-490f-be70-e05daf6840ac,Agent_2,byzantine,gpt-4,ðŸ”µ
d80ff599-610d-490f-be70-e05daf6840ac,Agent_3,honest,claude-3-opus-20240229,ðŸŸ¢
d80ff599-610d-490f-be70-e05daf6840ac,Agent_4,honest,claude-3-haiku-20240307,ðŸ’—
d80ff599-610d-490f-be70-e05daf6840ac,Agent_5,byzantine,gpt-4-turbo,ðŸŸ 
d80ff599-610d-490f-be70-e05daf6840ac,Agent_6,honest,gpt-4o,ðŸŸ¡
d80ff599-610d-490f-be70-e05daf6840ac,Agent_7,honest,gpt-4-turbo,âš«
d80ff599-610d-490f-be70-e05daf6840ac,Agent_8,honest,gpt-4,âšª
713bc41c-e0c2-45c9-8fc9-bd15e13c01f6,Agent_1,honest,gpt-4o,ðŸ”´
713bc41c-e0c2-45c9-8fc9-bd15e13c01f6,Agent_2,byzantine,gpt-4,ðŸ”µ
713bc41c-e0c2-45c9-8fc9-bd15e13c01f6,Agent_3,honest,claude-3-opus-20240229,ðŸŸ¢
713bc41c-e0c2-45c9-8fc9-bd15e13c01f6,Agent_4,honest,claude-3-haiku-20240307,ðŸ’—
713bc41c-e0c2-45c9-8fc9-bd15e13c01f6,Agent_5,byzantine,gpt-4-turbo,ðŸŸ 
713bc41c-e0c2-45c9-8fc9-bd15e13c01f6,Agent_6,honest,gpt-4o,ðŸŸ¡
713bc41c-e0c2-45c9-8fc9-bd15e13c01f6,Agent_7,honest,gpt-4-turbo,âš«
713bc41c-e0c2-45c9-8fc9-bd15e13c01f6,Agent_8,honest,gpt-4,âšª
230e73b8-b19c-4197-80c9-608e2faf4277,Agent_1,honest,gpt-4o,ðŸ”´
230e73b8-b19c-4197-80c9-608e2faf4277,Agent_2,byzantine,gpt-4,ðŸ”µ
230e73b8-b19c-4197-80c9-608e2faf4277,Agent_3,honest,claude-3-opus-20240229,ðŸŸ¢
230e73b8-b19c-4197-80c9-608e2faf4277,Agent_4,honest,claude-3-haiku-20240307,ðŸ’—
230e73b8-b19c-4197-80c9-608e2faf4277,Agent_5,byzantine,gpt-4-turbo,ðŸŸ 
230e73b8-b19c-4197-80c9-608e2faf4277,Agent_6,honest,gpt-4o,ðŸŸ¡
230e73b8-b19c-4197-80c9-608e2faf4277,Agent_7,honest,gpt-4-turbo,âš«
230e73b8-b19c-4197-80c9-608e2faf4277,Agent_8,honest,gpt-4,âšª
a9d8b34f-dd14-4f4a-8461-1a170b2361d0,Agent_1,honest,gpt-4o,ðŸ”´
a9d8b34f-dd14-4f4a-8461-1a170b2361d0,Agent_2,byzantine,gpt-4,ðŸ”µ
a9d8b34f-dd14-4f4a-8461-1a170b2361d0,Agent_3,honest,claude-3-opus-20240229,ðŸŸ¢
a9d8b34f-dd14-4f4a-8461-1a170b2361d0,Agent_4,honest,claude-3-haiku-20240307,ðŸ’—
a9d8b34f-dd14-4f4a-8461-1a170b2361d0,Agent_5,byzantine,gpt-4-turbo,ðŸŸ 
a9d8b34f-dd14-4f4a-8461-1a170b2361d0,Agent_6,honest,gpt-4o,ðŸŸ¡
a9d8b34f-dd14-4f4a-8461-1a170b2361d0,Agent_7,honest,gpt-4-turbo,âš«
a9d8b34f-dd14-4f4a-8461-1a170b2361d0,Agent_8,honest,gpt-4,âšª
90681d75-82d2-4d6c-be64-9d90c0593da0,Agent_1,honest,gpt-4o,ðŸ”´
90681d75-82d2-4d6c-be64-9d90c0593da0,Agent_2,byzantine,gpt-4,ðŸ”µ
90681d75-82d2-4d6c-be64-9d90c0593da0,Agent_3,honest,claude-3-opus-20240229,ðŸŸ¢
90681d75-82d2-4d6c-be64-9d90c0593da0,Agent_4,honest,claude-3-haiku-20240307,ðŸ’—
90681d75-82d2-4d6c-be64-9d90c0593da0,Agent_5,byzantine,gpt-4-turbo,ðŸŸ 
90681d75-82d2-4d6c-be64-9d90c0593da0,Agent_6,honest,gpt-4o,ðŸŸ¡
90681d75-82d2-4d6c-be64-9d90c0593da0,Agent_7,honest,gpt-4-turbo,âš«
90681d75-82d2-4d6c-be64-9d90c0593da0,Agent_8,honest,gpt-4,âšª
538fe9ef-960f-4d6d-98e2-c1b89ab4d8d1,Agent_1,honest,gpt-4o,ðŸ”´
538fe9ef-960f-4d6d-98e2-c1b89ab4d8d1,Agent_2,byzantine,gpt-4,ðŸ”µ
538fe9ef-960f-4d6d-98e2-c1b89ab4d8d1,Agent_3,honest,claude-3-opus-20240229,ðŸŸ¢
538fe9ef-960f-4d6d-98e2-c1b89ab4d8d1,Agent_4,honest,claude-3-haiku-20240307,ðŸ’—
538fe9ef-960f-4d6d-98e2-c1b89ab4d8d1,Agent_5,byzantine,gpt-4-turbo,ðŸŸ 
538fe9ef-960f-4d6d-98e2-c1b89ab4d8d1,Agent_6,honest,gpt-4o,ðŸŸ¡
538fe9ef-960f-4d6d-98e2-c1b89ab4d8d1,Agent_7,honest,gpt-4-turbo,âš«
538fe9ef-960f-4d6d-98e2-c1b89ab4d8d1,Agent_8,honest,gpt-4,âšª
52a2e9ec-d76e-42d3-ab9d-93fc4ee36e22,Agent_1,honest,gpt-4o,ðŸ”´
52a2e9ec-d76e-42d3-ab9d-93fc4ee36e22,Agent_2,byzantine,gpt-4,ðŸ”µ
52a2e9ec-d76e-42d3-ab9d-93fc4ee36e22,Agent_3,honest,claude-3-opus-20240229,ðŸŸ¢
52a2e9ec-d76e-42d3-ab9d-93fc4ee36e22,Agent_4,honest,claude-3-haiku-20240307,ðŸ’—
52a2e9ec-d76e-42d3-ab9d-93fc4ee36e22,Agent_5,byzantine,gpt-4-turbo,ðŸŸ 
52a2e9ec-d76e-42d3-ab9d-93fc4ee36e22,Agent_6,honest,gpt-4o,ðŸŸ¡
52a2e9ec-d76e-42d3-ab9d-93fc4ee36e22,Agent_7,honest,gpt-4-turbo,âš«
52a2e9ec-d76e-42d3-ab9d-93fc4ee36e22,Agent_8,honest,gpt-4,âšª
0d1f05a6-ad60-414d-8d7c-2803eeaed6fd,Agent_1,honest,gpt-4o,ðŸ”´
0d1f05a6-ad60-414d-8d7c-2803eeaed6fd,Agent_2,byzantine,gpt-4,ðŸ”µ
0d1f05a6-ad60-414d-8d7c-2803eeaed6fd,Agent_3,honest,claude-3-opus-20240229,ðŸŸ¢
0d1f05a6-ad60-414d-8d7c-2803eeaed6fd,Agent_4,honest,claude-3-haiku-20240307,ðŸ’—
0d1f05a6-ad60-414d-8d7c-2803eeaed6fd,Agent_5,byzantine,gpt-4-turbo,ðŸŸ 
0d1f05a6-ad60-414d-8d7c-2803eeaed6fd,Agent_6,honest,gpt-4o,ðŸŸ¡
0d1f05a6-ad60-414d-8d7c-2803eeaed6fd,Agent_7,honest,gpt-4-turbo,âš«
0d1f05a6-ad60-414d-8d7c-2803eeaed6fd,Agent_8,honest,gpt-4,âšª
96407c58-a367-4c02-bb82-8bf1a40bf7fc,Agent_1,honest,gpt-4o,ðŸ”´
96407c58-a367-4c02-bb82-8bf1a40bf7fc,Agent_2,byzantine,gpt-4,ðŸ”µ
96407c58-a367-4c02-bb82-8bf1a40bf7fc,Agent_3,honest,claude-3-opus-20240229,ðŸŸ¢
96407c58-a367-4c02-bb82-8bf1a40bf7fc,Agent_4,honest,claude-3-haiku-20240307,ðŸ’—
96407c58-a367-4c02-bb82-8bf1a40bf7fc,Agent_5,byzantine,gpt-4-turbo,ðŸŸ 
96407c58-a367-4c02-bb82-8bf1a40bf7fc,Agent_6,honest,gpt-4o,ðŸŸ¡
96407c58-a367-4c02-bb82-8bf1a40bf7fc,Agent_7,honest,gpt-4-turbo,âš«
96407c58-a367-4c02-bb82-8bf1a40bf7fc,Agent_8,honest,gpt-4,âšª
9c3ffe77-b905-4ba8-9266-bcb3ca14920f,Agent_1,honest,gpt-4o,ðŸ”´
9c3ffe77-b905-4ba8-9266-bcb3ca14920f,Agent_2,byzantine,gpt-4,ðŸ”µ
9c3ffe77-b905-4ba8-9266-bcb3ca14920f,Agent_3,honest,claude-3-opus-20240229,ðŸŸ¢
9c3ffe77-b905-4ba8-9266-bcb3ca14920f,Agent_4,honest,claude-3-haiku-20240307,ðŸ’—
9c3ffe77-b905-4ba8-9266-bcb3ca14920f,Agent_5,byzantine,gpt-4-turbo,ðŸŸ 
9c3ffe77-b905-4ba8-9266-bcb3ca14920f,Agent_6,honest,gpt-4o,ðŸŸ¡
9c3ffe77-b905-4ba8-9266-bcb3ca14920f,Agent_7,honest,gpt-4-turbo,âš«
9c3ffe77-b905-4ba8-9266-bcb3ca14920f,Agent_8,honest,gpt-4,âšª
d9eb2b35-e34e-4a5b-9ac6-01c4179bde99,Agent_1,honest,gpt-4o,ðŸ”´
d9eb2b35-e34e-4a5b-9ac6-01c4179bde99,Agent_2,byzantine,gpt-4,ðŸ”µ
d9eb2b35-e34e-4a5b-9ac6-01c4179bde99,Agent_3,honest,claude-3-opus-20240229,ðŸŸ¢
d9eb2b35-e34e-4a5b-9ac6-01c4179bde99,Agent_4,honest,claude-3-haiku-20240307,ðŸ’—
d9eb2b35-e34e-4a5b-9ac6-01c4179bde99,Agent_5,byzantine,gpt-4-turbo,ðŸŸ 
d9eb2b35-e34e-4a5b-9ac6-01c4179bde99,Agent_6,honest,gpt-4o,ðŸŸ¡
d9eb2b35-e34e-4a5b-9ac6-01c4179bde99,Agent_7,honest,gpt-4-turbo,âš«
d9eb2b35-e34e-4a5b-9ac6-01c4179bde99,Agent_8,honest,gpt-4,âšª
e8e48ccf-74d2-48c2-9028-ac6e7932794b,Agent_1,honest,gpt-4o,ðŸ”´
e8e48ccf-74d2-48c2-9028-ac6e7932794b,Agent_2,byzantine,gpt-4,ðŸ”µ
e8e48ccf-74d2-48c2-9028-ac6e7932794b,Agent_3,honest,claude-3-opus-20240229,ðŸŸ¢
e8e48ccf-74d2-48c2-9028-ac6e7932794b,Agent_4,honest,claude-3-haiku-20240307,ðŸ’—
e8e48ccf-74d2-48c2-9028-ac6e7932794b,Agent_5,byzantine,gpt-4-turbo,ðŸŸ 
e8e48ccf-74d2-48c2-9028-ac6e7932794b,Agent_6,honest,gpt-4o,ðŸŸ¡
e8e48ccf-74d2-48c2-9028-ac6e7932794b,Agent_7,honest,gpt-4-turbo,âš«
e8e48ccf-74d2-48c2-9028-ac6e7932794b,Agent_8,honest,gpt-4,âšª
d2cb28b5-7243-4376-adbf-e3774546ed93,Agent_1,honest,gpt-4o,ðŸ”´
d2cb28b5-7243-4376-adbf-e3774546ed93,Agent_2,byzantine,gpt-4,ðŸ”µ
d2cb28b5-7243-4376-adbf-e3774546ed93,Agent_3,honest,claude-3-opus-20240229,ðŸŸ¢
d2cb28b5-7243-4376-adbf-e3774546ed93,Agent_4,honest,claude-3-haiku-20240307,ðŸ’—
d2cb28b5-7243-4376-adbf-e3774546ed93,Agent_5,byzantine,gpt-4-turbo,ðŸŸ 
d2cb28b5-7243-4376-adbf-e3774546ed93,Agent_6,honest,gpt-4o,ðŸŸ¡
d2cb28b5-7243-4376-adbf-e3774546ed93,Agent_7,honest,gpt-4-turbo,âš«
d2cb28b5-7243-4376-adbf-e3774546ed93,Agent_8,honest,gpt-4,âšª
33285799-1c4a-4aff-a2e3-7aab06787438,Agent_1,honest,gpt-4o,ðŸ”´
33285799-1c4a-4aff-a2e3-7aab06787438,Agent_2,byzantine,gpt-4,ðŸ”µ
33285799-1c4a-4aff-a2e3-7aab06787438,Agent_3,honest,claude-3-opus-20240229,ðŸŸ¢
33285799-1c4a-4aff-a2e3-7aab06787438,Agent_4,honest,claude-3-haiku-20240307,ðŸ’—
33285799-1c4a-4aff-a2e3-7aab06787438,Agent_5,byzantine,gpt-4-turbo,ðŸŸ 
33285799-1c4a-4aff-a2e3-7aab06787438,Agent_6,honest,gpt-4o,ðŸŸ¡
33285799-1c4a-4aff-a2e3-7aab06787438,Agent_7,honest,gpt-4-turbo,âš«
33285799-1c4a-4aff-a2e3-7aab06787438,Agent_8,honest,gpt-4,âšª
0bc7fb3b-4cbd-477b-92c7-5bf8d6906587,Agent_1,honest,gpt-4o,ðŸ”´
0bc7fb3b-4cbd-477b-92c7-5bf8d6906587,Agent_2,byzantine,gpt-4,ðŸ”µ
0bc7fb3b-4cbd-477b-92c7-5bf8d6906587,Agent_3,honest,claude-3-opus-20240229,ðŸŸ¢
0bc7fb3b-4cbd-477b-92c7-5bf8d6906587,Agent_4,honest,claude-3-haiku-20240307,ðŸ’—
0bc7fb3b-4cbd-477b-92c7-5bf8d6906587,Agent_5,byzantine,gpt-4-turbo,ðŸŸ 
0bc7fb3b-4cbd-477b-92c7-5bf8d6906587,Agent_6,honest,gpt-4o,ðŸŸ¡
0bc7fb3b-4cbd-477b-92c7-5bf8d6906587,Agent_7,honest,gpt-4-turbo,âš«
0bc7fb3b-4cbd-477b-92c7-5bf8d6906587,Agent_8,honest,gpt-4,âšª
cba7e4c7-6cf8-426e-83db-581aec555afa,Agent_1,honest,gpt-4o,ðŸ”´
cba7e4c7-6cf8-426e-83db-581aec555afa,Agent_2,byzantine,gpt-4,ðŸ”µ
cba7e4c7-6cf8-426e-83db-581aec555afa,Agent_3,honest,claude-3-opus-20240229,ðŸŸ¢
cba7e4c7-6cf8-426e-83db-581aec555afa,Agent_4,honest,claude-3-haiku-20240307,ðŸ’—
cba7e4c7-6cf8-426e-83db-581aec555afa,Agent_5,byzantine,gpt-4-turbo,ðŸŸ 
cba7e4c7-6cf8-426e-83db-581aec555afa,Agent_6,honest,gpt-4o,ðŸŸ¡
cba7e4c7-6cf8-426e-83db-581aec555afa,Agent_7,honest,gpt-4-turbo,âš«
cba7e4c7-6cf8-426e-83db-581aec555afa,Agent_8,honest,gpt-4,âšª
86137ee6-7683-4a8e-a64e-eda240cf3884,Agent_1,honest,gpt-4o,ðŸ”´
86137ee6-7683-4a8e-a64e-eda240cf3884,Agent_2,byzantine,gpt-4,ðŸ”µ
86137ee6-7683-4a8e-a64e-eda240cf3884,Agent_3,honest,claude-3-opus-20240229,ðŸŸ¢
86137ee6-7683-4a8e-a64e-eda240cf3884,Agent_4,honest,claude-3-haiku-20240307,ðŸ’—
86137ee6-7683-4a8e-a64e-eda240cf3884,Agent_5,byzantine,gpt-4-turbo,ðŸŸ 
86137ee6-7683-4a8e-a64e-eda240cf3884,Agent_6,honest,gpt-4o,ðŸŸ¡
86137ee6-7683-4a8e-a64e-eda240cf3884,Agent_7,honest,gpt-4-turbo,âš«
86137ee6-7683-4a8e-a64e-eda240cf3884,Agent_8,honest,gpt-4,âšª
dc05e893-db56-4757-a003-ff4bd9bd6d88,Agent_1,honest,gpt-4o,ðŸ”´
dc05e893-db56-4757-a003-ff4bd9bd6d88,Agent_2,byzantine,gpt-4,ðŸ”µ
dc05e893-db56-4757-a003-ff4bd9bd6d88,Agent_3,honest,claude-3-opus-20240229,ðŸŸ¢
dc05e893-db56-4757-a003-ff4bd9bd6d88,Agent_4,honest,claude-3-haiku-20240307,ðŸ’—
dc05e893-db56-4757-a003-ff4bd9bd6d88,Agent_5,byzantine,gpt-4-turbo,ðŸŸ 
dc05e893-db56-4757-a003-ff4bd9bd6d88,Agent_6,honest,gpt-4o,ðŸŸ¡
dc05e893-db56-4757-a003-ff4bd9bd6d88,Agent_7,honest,gpt-4-turbo,âš«
dc05e893-db56-4757-a003-ff4bd9bd6d88,Agent_8,honest,gpt-4,âšª
396bbf99-276d-487b-9ed7-e092843e947b,Agent_1,honest,gpt-4o,ðŸ”´
396bbf99-276d-487b-9ed7-e092843e947b,Agent_2,byzantine,gpt-4,ðŸ”µ
396bbf99-276d-487b-9ed7-e092843e947b,Agent_3,honest,claude-3-opus-20240229,ðŸŸ¢
396bbf99-276d-487b-9ed7-e092843e947b,Agent_4,honest,claude-3-haiku-20240307,ðŸ’—
396bbf99-276d-487b-9ed7-e092843e947b,Agent_5,byzantine,gpt-4-turbo,ðŸŸ 
396bbf99-276d-487b-9ed7-e092843e947b,Agent_6,honest,gpt-4o,ðŸŸ¡
396bbf99-276d-487b-9ed7-e092843e947b,Agent_7,honest,gpt-4-turbo,âš«
396bbf99-276d-487b-9ed7-e092843e947b,Agent_8,honest,gpt-4,âšª
6ce5d982-2f12-4b7d-89ef-cb91c56d4bc9,Agent_1,honest,gpt-4o,ðŸ”´
6ce5d982-2f12-4b7d-89ef-cb91c56d4bc9,Agent_2,byzantine,gpt-4,ðŸ”µ
6ce5d982-2f12-4b7d-89ef-cb91c56d4bc9,Agent_3,honest,claude-3-opus-20240229,ðŸŸ¢
6ce5d982-2f12-4b7d-89ef-cb91c56d4bc9,Agent_4,honest,claude-3-haiku-20240307,ðŸ’—
6ce5d982-2f12-4b7d-89ef-cb91c56d4bc9,Agent_5,byzantine,gpt-4-turbo,ðŸŸ 
6ce5d982-2f12-4b7d-89ef-cb91c56d4bc9,Agent_6,honest,gpt-4o,ðŸŸ¡
6ce5d982-2f12-4b7d-89ef-cb91c56d4bc9,Agent_7,honest,gpt-4-turbo,âš«
6ce5d982-2f12-4b7d-89ef-cb91c56d4bc9,Agent_8,honest,gpt-4,âšª
112f2d26-b9be-491e-bbc6-9095b749353d,Agent_1,honest,gpt-4o,ðŸ”´
112f2d26-b9be-491e-bbc6-9095b749353d,Agent_2,byzantine,gpt-4,ðŸ”µ
112f2d26-b9be-491e-bbc6-9095b749353d,Agent_3,honest,claude-3-opus-20240229,ðŸŸ¢
112f2d26-b9be-491e-bbc6-9095b749353d,Agent_4,honest,claude-3-haiku-20240307,ðŸ’—
112f2d26-b9be-491e-bbc6-9095b749353d,Agent_5,byzantine,gpt-4-turbo,ðŸŸ 
112f2d26-b9be-491e-bbc6-9095b749353d,Agent_6,honest,gpt-4o,ðŸŸ¡
112f2d26-b9be-491e-bbc6-9095b749353d,Agent_7,honest,gpt-4-turbo,âš«
112f2d26-b9be-491e-bbc6-9095b749353d,Agent_8,honest,gpt-4,âšª
bb2884fc-095d-4386-8520-52ec79fe7826,Agent_1,honest,gpt-4o,ðŸ”´
bb2884fc-095d-4386-8520-52ec79fe7826,Agent_2,byzantine,gpt-4,ðŸ”µ
bb2884fc-095d-4386-8520-52ec79fe7826,Agent_3,honest,claude-3-opus-20240229,ðŸŸ¢
bb2884fc-095d-4386-8520-52ec79fe7826,Agent_4,honest,claude-3-haiku-20240307,ðŸ’—
bb2884fc-095d-4386-8520-52ec79fe7826,Agent_5,byzantine,gpt-4-turbo,ðŸŸ 
bb2884fc-095d-4386-8520-52ec79fe7826,Agent_6,honest,gpt-4o,ðŸŸ¡
bb2884fc-095d-4386-8520-52ec79fe7826,Agent_7,honest,gpt-4-turbo,âš«
bb2884fc-095d-4386-8520-52ec79fe7826,Agent_8,honest,gpt-4,âšª
8fc889a6-cb37-4129-a5bd-b9c5c1e90463,Agent_1,honest,gpt-4o,ðŸ”´
8fc889a6-cb37-4129-a5bd-b9c5c1e90463,Agent_2,byzantine,gpt-4,ðŸ”µ
8fc889a6-cb37-4129-a5bd-b9c5c1e90463,Agent_3,honest,claude-3-opus-20240229,ðŸŸ¢
8fc889a6-cb37-4129-a5bd-b9c5c1e90463,Agent_4,honest,claude-3-haiku-20240307,ðŸ’—
8fc889a6-cb37-4129-a5bd-b9c5c1e90463,Agent_5,byzantine,gpt-4-turbo,ðŸŸ 
8fc889a6-cb37-4129-a5bd-b9c5c1e90463,Agent_6,honest,gpt-4o,ðŸŸ¡
8fc889a6-cb37-4129-a5bd-b9c5c1e90463,Agent_7,honest,gpt-4-turbo,âš«
8fc889a6-cb37-4129-a5bd-b9c5c1e90463,Agent_8,honest,gpt-4,âšª
23f22fa6-a4a2-4e14-89d9-2fb191cbe196,Agent_1,honest,gpt-4o,ðŸ”´
23f22fa6-a4a2-4e14-89d9-2fb191cbe196,Agent_2,byzantine,gpt-4,ðŸ”µ
23f22fa6-a4a2-4e14-89d9-2fb191cbe196,Agent_3,honest,claude-3-opus-20240229,ðŸŸ¢
23f22fa6-a4a2-4e14-89d9-2fb191cbe196,Agent_4,honest,claude-3-haiku-20240307,ðŸ’—
23f22fa6-a4a2-4e14-89d9-2fb191cbe196,Agent_5,byzantine,gpt-4-turbo,ðŸŸ 
23f22fa6-a4a2-4e14-89d9-2fb191cbe196,Agent_6,honest,gpt-4o,ðŸŸ¡
23f22fa6-a4a2-4e14-89d9-2fb191cbe196,Agent_7,honest,gpt-4-turbo,âš«
23f22fa6-a4a2-4e14-89d9-2fb191cbe196,Agent_8,honest,gpt-4,âšª
6b8bfdd0-2535-4408-a63c-86da33f3c860,Agent_1,honest,gpt-4o,ðŸ”´
6b8bfdd0-2535-4408-a63c-86da33f3c860,Agent_2,byzantine,gpt-4,ðŸ”µ
6b8bfdd0-2535-4408-a63c-86da33f3c860,Agent_3,honest,claude-3-opus-20240229,ðŸŸ¢
6b8bfdd0-2535-4408-a63c-86da33f3c860,Agent_4,honest,claude-3-haiku-20240307,ðŸ’—
6b8bfdd0-2535-4408-a63c-86da33f3c860,Agent_5,byzantine,gpt-4-turbo,ðŸŸ 
6b8bfdd0-2535-4408-a63c-86da33f3c860,Agent_6,honest,gpt-4o,ðŸŸ¡
6b8bfdd0-2535-4408-a63c-86da33f3c860,Agent_7,honest,gpt-4-turbo,âš«
6b8bfdd0-2535-4408-a63c-86da33f3c860,Agent_8,honest,gpt-4,âšª
a2632329-38db-4bc1-99df-5b0b82ff6bba,Agent_1,honest,gpt-4o,ðŸ”´
a2632329-38db-4bc1-99df-5b0b82ff6bba,Agent_2,byzantine,gpt-4,ðŸ”µ
a2632329-38db-4bc1-99df-5b0b82ff6bba,Agent_3,honest,claude-3-opus-20240229,ðŸŸ¢
a2632329-38db-4bc1-99df-5b0b82ff6bba,Agent_4,honest,claude-3-haiku-20240307,ðŸ’—
a2632329-38db-4bc1-99df-5b0b82ff6bba,Agent_5,byzantine,gpt-4-turbo,ðŸŸ 
a2632329-38db-4bc1-99df-5b0b82ff6bba,Agent_6,honest,gpt-4o,ðŸŸ¡
a2632329-38db-4bc1-99df-5b0b82ff6bba,Agent_7,honest,gpt-4-turbo,âš«
a2632329-38db-4bc1-99df-5b0b82ff6bba,Agent_8,honest,gpt-4,âšª
84a4f439-64a3-4c11-ae9c-251234810b1e,Agent_1,honest,gpt-4o,ðŸ”´
84a4f439-64a3-4c11-ae9c-251234810b1e,Agent_2,byzantine,gpt-4,ðŸ”µ
84a4f439-64a3-4c11-ae9c-251234810b1e,Agent_3,honest,claude-3-opus-20240229,ðŸŸ¢
84a4f439-64a3-4c11-ae9c-251234810b1e,Agent_4,honest,claude-3-haiku-20240307,ðŸ’—
84a4f439-64a3-4c11-ae9c-251234810b1e,Agent_5,byzantine,gpt-4-turbo,ðŸŸ 
84a4f439-64a3-4c11-ae9c-251234810b1e,Agent_6,honest,gpt-4o,ðŸŸ¡
84a4f439-64a3-4c11-ae9c-251234810b1e,Agent_7,honest,gpt-4-turbo,âš«
84a4f439-64a3-4c11-ae9c-251234810b1e,Agent_8,honest,gpt-4,âšª
dc847a1a-74a0-4a53-b5f3-1edcd3c0fac7,Agent_1,honest,gpt-4o,ðŸ”´
dc847a1a-74a0-4a53-b5f3-1edcd3c0fac7,Agent_2,byzantine,gpt-4,ðŸ”µ
dc847a1a-74a0-4a53-b5f3-1edcd3c0fac7,Agent_3,honest,claude-3-opus-20240229,ðŸŸ¢
dc847a1a-74a0-4a53-b5f3-1edcd3c0fac7,Agent_4,honest,claude-3-haiku-20240307,ðŸ’—
dc847a1a-74a0-4a53-b5f3-1edcd3c0fac7,Agent_5,byzantine,gpt-4-turbo,ðŸŸ 
dc847a1a-74a0-4a53-b5f3-1edcd3c0fac7,Agent_6,honest,gpt-4o,ðŸŸ¡
dc847a1a-74a0-4a53-b5f3-1edcd3c0fac7,Agent_7,honest,gpt-4-turbo,âš«
dc847a1a-74a0-4a53-b5f3-1edcd3c0fac7,Agent_8,honest,gpt-4,âšª
996a04b0-f6cc-4ed4-ac25-722578a9abdb,Agent_1,honest,gpt-4o,ðŸ”´
996a04b0-f6cc-4ed4-ac25-722578a9abdb,Agent_2,byzantine,gpt-4,ðŸ”µ
996a04b0-f6cc-4ed4-ac25-722578a9abdb,Agent_3,honest,claude-3-opus-20240229,ðŸŸ¢
996a04b0-f6cc-4ed4-ac25-722578a9abdb,Agent_4,honest,claude-3-haiku-20240307,ðŸ’—
996a04b0-f6cc-4ed4-ac25-722578a9abdb,Agent_5,byzantine,gpt-4-turbo,ðŸŸ 
996a04b0-f6cc-4ed4-ac25-722578a9abdb,Agent_6,honest,gpt-4o,ðŸŸ¡
996a04b0-f6cc-4ed4-ac25-722578a9abdb,Agent_7,honest,gpt-4-turbo,âš«
996a04b0-f6cc-4ed4-ac25-722578a9abdb,Agent_8,honest,gpt-4,âšª
47ed9a24-3ebf-4e28-902b-ed0e3236fe9c,Agent_1,honest,gpt-4o,ðŸ”´
47ed9a24-3ebf-4e28-902b-ed0e3236fe9c,Agent_2,byzantine,gpt-4,ðŸ”µ
47ed9a24-3ebf-4e28-902b-ed0e3236fe9c,Agent_3,honest,claude-3-opus-20240229,ðŸŸ¢
47ed9a24-3ebf-4e28-902b-ed0e3236fe9c,Agent_4,honest,claude-3-haiku-20240307,ðŸ’—
47ed9a24-3ebf-4e28-902b-ed0e3236fe9c,Agent_5,byzantine,gpt-4-turbo,ðŸŸ 
47ed9a24-3ebf-4e28-902b-ed0e3236fe9c,Agent_6,honest,gpt-4o,ðŸŸ¡
47ed9a24-3ebf-4e28-902b-ed0e3236fe9c,Agent_7,honest,gpt-4-turbo,âš«
47ed9a24-3ebf-4e28-902b-ed0e3236fe9c,Agent_8,honest,gpt-4,âšª
8420ca04-94ac-4618-9ecf-785c74f57758,Agent_1,honest,gpt-4o,ðŸ”´
8420ca04-94ac-4618-9ecf-785c74f57758,Agent_2,byzantine,gpt-4,ðŸ”µ
8420ca04-94ac-4618-9ecf-785c74f57758,Agent_3,honest,claude-3-opus-20240229,ðŸŸ¢
8420ca04-94ac-4618-9ecf-785c74f57758,Agent_4,honest,claude-3-haiku-20240307,ðŸ’—
8420ca04-94ac-4618-9ecf-785c74f57758,Agent_5,byzantine,gpt-4-turbo,ðŸŸ 
8420ca04-94ac-4618-9ecf-785c74f57758,Agent_6,honest,gpt-4o,ðŸŸ¡
8420ca04-94ac-4618-9ecf-785c74f57758,Agent_7,honest,gpt-4-turbo,âš«
8420ca04-94ac-4618-9ecf-785c74f57758,Agent_8,honest,gpt-4,âšª
d26ce1c5-f497-4900-8247-f8cfac36ad57,Agent_1,honest,gpt-4o,ðŸ”´
d26ce1c5-f497-4900-8247-f8cfac36ad57,Agent_2,byzantine,gpt-4,ðŸ”µ
d26ce1c5-f497-4900-8247-f8cfac36ad57,Agent_3,honest,claude-3-opus-20240229,ðŸŸ¢
d26ce1c5-f497-4900-8247-f8cfac36ad57,Agent_4,honest,claude-3-haiku-20240307,ðŸ’—
d26ce1c5-f497-4900-8247-f8cfac36ad57,Agent_5,byzantine,gpt-4-turbo,ðŸŸ 
d26ce1c5-f497-4900-8247-f8cfac36ad57,Agent_6,honest,gpt-4o,ðŸŸ¡
d26ce1c5-f497-4900-8247-f8cfac36ad57,Agent_7,honest,gpt-4-turbo,âš«
d26ce1c5-f497-4900-8247-f8cfac36ad57,Agent_8,honest,gpt-4,âšª
1e5ca287-86f6-4225-9d92-41cd2aa743e6,Agent_1,honest,gpt-4o,ðŸ”´
1e5ca287-86f6-4225-9d92-41cd2aa743e6,Agent_2,byzantine,gpt-4,ðŸ”µ
1e5ca287-86f6-4225-9d92-41cd2aa743e6,Agent_3,honest,claude-3-opus-20240229,ðŸŸ¢
1e5ca287-86f6-4225-9d92-41cd2aa743e6,Agent_4,honest,claude-3-haiku-20240307,ðŸ’—
1e5ca287-86f6-4225-9d92-41cd2aa743e6,Agent_5,byzantine,gpt-4-turbo,ðŸŸ 
1e5ca287-86f6-4225-9d92-41cd2aa743e6,Agent_6,honest,gpt-4o,ðŸŸ¡
1e5ca287-86f6-4225-9d92-41cd2aa743e6,Agent_7,honest,gpt-4-turbo,âš«
1e5ca287-86f6-4225-9d92-41cd2aa743e6,Agent_8,honest,gpt-4,âšª
b1ecf1ed-d99e-4d94-a429-4a2ca9902323,Agent_1,honest,gpt-4o,ðŸ”´
b1ecf1ed-d99e-4d94-a429-4a2ca9902323,Agent_2,byzantine,gpt-4,ðŸ”µ
b1ecf1ed-d99e-4d94-a429-4a2ca9902323,Agent_3,honest,claude-3-opus-20240229,ðŸŸ¢
b1ecf1ed-d99e-4d94-a429-4a2ca9902323,Agent_4,honest,claude-3-haiku-20240307,ðŸ’—
b1ecf1ed-d99e-4d94-a429-4a2ca9902323,Agent_5,byzantine,gpt-4-turbo,ðŸŸ 
b1ecf1ed-d99e-4d94-a429-4a2ca9902323,Agent_6,honest,gpt-4o,ðŸŸ¡
b1ecf1ed-d99e-4d94-a429-4a2ca9902323,Agent_7,honest,gpt-4-turbo,âš«
b1ecf1ed-d99e-4d94-a429-4a2ca9902323,Agent_8,honest,gpt-4,âšª
e1cce9d9-8c7e-46e7-b50d-3f87c002caae,Agent_1,honest,gpt-4o,ðŸ”´
e1cce9d9-8c7e-46e7-b50d-3f87c002caae,Agent_2,byzantine,gpt-4,ðŸ”µ
e1cce9d9-8c7e-46e7-b50d-3f87c002caae,Agent_3,honest,claude-3-opus-20240229,ðŸŸ¢
e1cce9d9-8c7e-46e7-b50d-3f87c002caae,Agent_4,honest,claude-3-haiku-20240307,ðŸ’—
e1cce9d9-8c7e-46e7-b50d-3f87c002caae,Agent_5,byzantine,gpt-4-turbo,ðŸŸ 
e1cce9d9-8c7e-46e7-b50d-3f87c002caae,Agent_6,honest,gpt-4o,ðŸŸ¡
e1cce9d9-8c7e-46e7-b50d-3f87c002caae,Agent_7,honest,gpt-4-turbo,âš«
e1cce9d9-8c7e-46e7-b50d-3f87c002caae,Agent_8,honest,gpt-4,âšª
13f13742-7589-44b8-b1da-cc090ca96fd1,Agent_1,honest,gpt-4o,ðŸ”´
13f13742-7589-44b8-b1da-cc090ca96fd1,Agent_2,byzantine,gpt-4,ðŸ”µ
13f13742-7589-44b8-b1da-cc090ca96fd1,Agent_3,honest,claude-3-opus-20240229,ðŸŸ¢
13f13742-7589-44b8-b1da-cc090ca96fd1,Agent_4,honest,claude-3-haiku-20240307,ðŸ’—
13f13742-7589-44b8-b1da-cc090ca96fd1,Agent_5,byzantine,gpt-4-turbo,ðŸŸ 
13f13742-7589-44b8-b1da-cc090ca96fd1,Agent_6,honest,gpt-4o,ðŸŸ¡
13f13742-7589-44b8-b1da-cc090ca96fd1,Agent_7,honest,gpt-4-turbo,âš«
13f13742-7589-44b8-b1da-cc090ca96fd1,Agent_8,honest,gpt-4,âšª
bd0e9af7-30a5-49ac-b63d-7468973b3918,Agent_1,honest,gpt-4o,ðŸ”´
bd0e9af7-30a5-49ac-b63d-7468973b3918,Agent_2,byzantine,gpt-4,ðŸ”µ
bd0e9af7-30a5-49ac-b63d-7468973b3918,Agent_3,honest,claude-3-opus-20240229,ðŸŸ¢
bd0e9af7-30a5-49ac-b63d-7468973b3918,Agent_4,honest,claude-3-haiku-20240307,ðŸ’—
bd0e9af7-30a5-49ac-b63d-7468973b3918,Agent_5,byzantine,gpt-4-turbo,ðŸŸ 
bd0e9af7-30a5-49ac-b63d-7468973b3918,Agent_6,honest,gpt-4o,ðŸŸ¡
bd0e9af7-30a5-49ac-b63d-7468973b3918,Agent_7,honest,gpt-4-turbo,âš«
bd0e9af7-30a5-49ac-b63d-7468973b3918,Agent_8,honest,gpt-4,âšª
6f820349-8bb6-4046-a098-ad42c02d268b,Agent_1,honest,gpt-4o,ðŸ”´
6f820349-8bb6-4046-a098-ad42c02d268b,Agent_2,byzantine,gpt-4,ðŸ”µ
6f820349-8bb6-4046-a098-ad42c02d268b,Agent_3,honest,claude-3-opus-20240229,ðŸŸ¢
6f820349-8bb6-4046-a098-ad42c02d268b,Agent_4,honest,claude-3-haiku-20240307,ðŸ’—
6f820349-8bb6-4046-a098-ad42c02d268b,Agent_5,byzantine,gpt-4-turbo,ðŸŸ 
6f820349-8bb6-4046-a098-ad42c02d268b,Agent_6,honest,gpt-4o,ðŸŸ¡
6f820349-8bb6-4046-a098-ad42c02d268b,Agent_7,honest,gpt-4-turbo,âš«
6f820349-8bb6-4046-a098-ad42c02d268b,Agent_8,honest,gpt-4,âšª
35bef7c9-1c4f-439c-b5e8-bcf3a9e10564,Agent_1,honest,gpt-4o,ðŸ”´
35bef7c9-1c4f-439c-b5e8-bcf3a9e10564,Agent_2,byzantine,gpt-4,ðŸ”µ
35bef7c9-1c4f-439c-b5e8-bcf3a9e10564,Agent_3,honest,claude-3-opus-20240229,ðŸŸ¢
35bef7c9-1c4f-439c-b5e8-bcf3a9e10564,Agent_4,honest,claude-3-haiku-20240307,ðŸ’—
35bef7c9-1c4f-439c-b5e8-bcf3a9e10564,Agent_5,byzantine,gpt-4-turbo,ðŸŸ 
35bef7c9-1c4f-439c-b5e8-bcf3a9e10564,Agent_6,honest,gpt-4o,ðŸŸ¡
35bef7c9-1c4f-439c-b5e8-bcf3a9e10564,Agent_7,honest,gpt-4-turbo,âš«
35bef7c9-1c4f-439c-b5e8-bcf3a9e10564,Agent_8,honest,gpt-4,âšª
cd5a9252-6956-4aa6-9412-ccaeced8760b,Agent_1,honest,gpt-4o,ðŸ”´
cd5a9252-6956-4aa6-9412-ccaeced8760b,Agent_2,byzantine,gpt-4,ðŸ”µ
cd5a9252-6956-4aa6-9412-ccaeced8760b,Agent_3,honest,claude-3-opus-20240229,ðŸŸ¢
cd5a9252-6956-4aa6-9412-ccaeced8760b,Agent_4,honest,claude-3-haiku-20240307,ðŸ’—
cd5a9252-6956-4aa6-9412-ccaeced8760b,Agent_5,byzantine,gpt-4-turbo,ðŸŸ 
cd5a9252-6956-4aa6-9412-ccaeced8760b,Agent_6,honest,gpt-4o,ðŸŸ¡
cd5a9252-6956-4aa6-9412-ccaeced8760b,Agent_7,honest,gpt-4-turbo,âš«
cd5a9252-6956-4aa6-9412-ccaeced8760b,Agent_8,honest,gpt-4,âšª
7e185daa-1b49-49c0-9ff3-d442d3a73f7b,Agent_1,honest,gpt-4o,ðŸ”´
7e185daa-1b49-49c0-9ff3-d442d3a73f7b,Agent_2,byzantine,gpt-4,ðŸ”µ
7e185daa-1b49-49c0-9ff3-d442d3a73f7b,Agent_3,honest,claude-3-opus-20240229,ðŸŸ¢
7e185daa-1b49-49c0-9ff3-d442d3a73f7b,Agent_4,honest,claude-3-haiku-20240307,ðŸ’—
7e185daa-1b49-49c0-9ff3-d442d3a73f7b,Agent_5,byzantine,gpt-4-turbo,ðŸŸ 
7e185daa-1b49-49c0-9ff3-d442d3a73f7b,Agent_6,honest,gpt-4o,ðŸŸ¡
7e185daa-1b49-49c0-9ff3-d442d3a73f7b,Agent_7,honest,gpt-4-turbo,âš«
7e185daa-1b49-49c0-9ff3-d442d3a73f7b,Agent_8,honest,gpt-4,âšª
29dbcc0f-50e5-4d50-8a39-d0aa752bd24b,Agent_1,honest,gpt-4o,ðŸ”´
29dbcc0f-50e5-4d50-8a39-d0aa752bd24b,Agent_2,byzantine,gpt-4,ðŸ”µ
29dbcc0f-50e5-4d50-8a39-d0aa752bd24b,Agent_3,honest,claude-3-opus-20240229,ðŸŸ¢
29dbcc0f-50e5-4d50-8a39-d0aa752bd24b,Agent_4,honest,claude-3-haiku-20240307,ðŸ’—
29dbcc0f-50e5-4d50-8a39-d0aa752bd24b,Agent_5,byzantine,gpt-4-turbo,ðŸŸ 
29dbcc0f-50e5-4d50-8a39-d0aa752bd24b,Agent_6,honest,gpt-4o,ðŸŸ¡
29dbcc0f-50e5-4d50-8a39-d0aa752bd24b,Agent_7,honest,gpt-4-turbo,âš«
29dbcc0f-50e5-4d50-8a39-d0aa752bd24b,Agent_8,honest,gpt-4,âšª
d238e7ed-8f8e-420a-a812-ae0680112a79,Agent_1,honest,gpt-4o,ðŸ”´
d238e7ed-8f8e-420a-a812-ae0680112a79,Agent_2,byzantine,gpt-4,ðŸ”µ
d238e7ed-8f8e-420a-a812-ae0680112a79,Agent_3,honest,claude-3-opus-20240229,ðŸŸ¢
d238e7ed-8f8e-420a-a812-ae0680112a79,Agent_4,honest,claude-3-haiku-20240307,ðŸ’—
d238e7ed-8f8e-420a-a812-ae0680112a79,Agent_5,byzantine,gpt-4-turbo,ðŸŸ 
d238e7ed-8f8e-420a-a812-ae0680112a79,Agent_6,honest,gpt-4o,ðŸŸ¡
d238e7ed-8f8e-420a-a812-ae0680112a79,Agent_7,honest,gpt-4-turbo,âš«
d238e7ed-8f8e-420a-a812-ae0680112a79,Agent_8,honest,gpt-4,âšª
f75b3fe6-5f6f-4782-a93b-4a971ed1b908,Agent_1,honest,gpt-4o,ðŸ”´
f75b3fe6-5f6f-4782-a93b-4a971ed1b908,Agent_2,byzantine,gpt-4,ðŸ”µ
f75b3fe6-5f6f-4782-a93b-4a971ed1b908,Agent_3,honest,claude-3-opus-20240229,ðŸŸ¢
f75b3fe6-5f6f-4782-a93b-4a971ed1b908,Agent_4,honest,claude-3-haiku-20240307,ðŸ’—
f75b3fe6-5f6f-4782-a93b-4a971ed1b908,Agent_5,byzantine,gpt-4-turbo,ðŸŸ 
f75b3fe6-5f6f-4782-a93b-4a971ed1b908,Agent_6,honest,gpt-4o,ðŸŸ¡
f75b3fe6-5f6f-4782-a93b-4a971ed1b908,Agent_7,honest,gpt-4-turbo,âš«
f75b3fe6-5f6f-4782-a93b-4a971ed1b908,Agent_8,honest,gpt-4,âšª
5a550f33-e90d-42a3-818f-b4d20098218f,Agent_1,honest,gpt-4o,ðŸ”´
5a550f33-e90d-42a3-818f-b4d20098218f,Agent_2,byzantine,gpt-4,ðŸ”µ
5a550f33-e90d-42a3-818f-b4d20098218f,Agent_3,honest,claude-3-opus-20240229,ðŸŸ¢
5a550f33-e90d-42a3-818f-b4d20098218f,Agent_4,honest,claude-3-haiku-20240307,ðŸ’—
5a550f33-e90d-42a3-818f-b4d20098218f,Agent_5,byzantine,gpt-4-turbo,ðŸŸ 
5a550f33-e90d-42a3-818f-b4d20098218f,Agent_6,honest,gpt-4o,ðŸŸ¡
5a550f33-e90d-42a3-818f-b4d20098218f,Agent_7,honest,gpt-4-turbo,âš«
5a550f33-e90d-42a3-818f-b4d20098218f,Agent_8,honest,gpt-4,âšª
1749866f-f168-454e-b89e-7831e63103b7,Agent_1,honest,gpt-4o,ðŸ”´
1749866f-f168-454e-b89e-7831e63103b7,Agent_2,byzantine,gpt-4,ðŸ”µ
1749866f-f168-454e-b89e-7831e63103b7,Agent_3,honest,claude-3-opus-20240229,ðŸŸ¢
1749866f-f168-454e-b89e-7831e63103b7,Agent_4,honest,claude-3-haiku-20240307,ðŸ’—
1749866f-f168-454e-b89e-7831e63103b7,Agent_5,byzantine,gpt-4-turbo,ðŸŸ 
1749866f-f168-454e-b89e-7831e63103b7,Agent_6,honest,gpt-4o,ðŸŸ¡
1749866f-f168-454e-b89e-7831e63103b7,Agent_7,honest,gpt-4-turbo,âš«
1749866f-f168-454e-b89e-7831e63103b7,Agent_8,honest,gpt-4,âšª
512406c1-b629-4973-a788-730e9e889066,Agent_1,honest,gpt-4o,ðŸ”´
512406c1-b629-4973-a788-730e9e889066,Agent_2,byzantine,gpt-4,ðŸ”µ
512406c1-b629-4973-a788-730e9e889066,Agent_3,honest,claude-3-opus-20240229,ðŸŸ¢
512406c1-b629-4973-a788-730e9e889066,Agent_4,honest,claude-3-haiku-20240307,ðŸ’—
512406c1-b629-4973-a788-730e9e889066,Agent_5,byzantine,gpt-4-turbo,ðŸŸ 
512406c1-b629-4973-a788-730e9e889066,Agent_6,honest,gpt-4o,ðŸŸ¡
512406c1-b629-4973-a788-730e9e889066,Agent_7,honest,gpt-4-turbo,âš«
512406c1-b629-4973-a788-730e9e889066,Agent_8,honest,gpt-4,âšª
d67faf24-6ea3-4f7f-b419-13e5644b56d3,Agent_1,honest,gpt-4o,ðŸ”´
d67faf24-6ea3-4f7f-b419-13e5644b56d3,Agent_2,byzantine,gpt-4,ðŸ”µ
d67faf24-6ea3-4f7f-b419-13e5644b56d3,Agent_3,honest,claude-3-opus-20240229,ðŸŸ¢
d67faf24-6ea3-4f7f-b419-13e5644b56d3,Agent_4,honest,claude-3-haiku-20240307,ðŸ’—
d67faf24-6ea3-4f7f-b419-13e5644b56d3,Agent_5,byzantine,gpt-4-turbo,ðŸŸ 
d67faf24-6ea3-4f7f-b419-13e5644b56d3,Agent_6,honest,gpt-4o,ðŸŸ¡
d67faf24-6ea3-4f7f-b419-13e5644b56d3,Agent_7,honest,gpt-4-turbo,âš«
d67faf24-6ea3-4f7f-b419-13e5644b56d3,Agent_8,honest,gpt-4,âšª
66dacb69-93a2-4f80-8f38-fef4006d0fc7,Agent_1,honest,gpt-4o,ðŸ”´,2025-04-13T18:58:24.927621
66dacb69-93a2-4f80-8f38-fef4006d0fc7,Agent_2,byzantine,gpt-4,ðŸ”µ,2025-04-13T18:58:24.928120
66dacb69-93a2-4f80-8f38-fef4006d0fc7,Agent_3,honest,claude-3-opus-20240229,ðŸŸ¢,2025-04-13T18:58:24.928621
66dacb69-93a2-4f80-8f38-fef4006d0fc7,Agent_4,honest,claude-3-haiku-20240307,ðŸ’—,2025-04-13T18:58:24.929121
66dacb69-93a2-4f80-8f38-fef4006d0fc7,Agent_5,byzantine,gpt-4-turbo,ðŸŸ ,2025-04-13T18:58:24.929121
66dacb69-93a2-4f80-8f38-fef4006d0fc7,Agent_6,honest,gpt-4o,ðŸŸ¡,2025-04-13T18:58:24.929621
66dacb69-93a2-4f80-8f38-fef4006d0fc7,Agent_7,honest,gpt-4-turbo,âš«,2025-04-13T18:58:24.930121
66dacb69-93a2-4f80-8f38-fef4006d0fc7,Agent_8,honest,gpt-4,âšª,2025-04-13T18:58:24.930121
f9eca25a-61f5-40d8-a62a-fbf7c92a3f1e,Agent_1,honest,gpt-4o,ðŸ”´,2025-04-13T18:58:29.563717
f9eca25a-61f5-40d8-a62a-fbf7c92a3f1e,Agent_2,byzantine,gpt-4,ðŸ”µ,2025-04-13T18:58:29.564217
f9eca25a-61f5-40d8-a62a-fbf7c92a3f1e,Agent_3,honest,claude-3-opus-20240229,ðŸŸ¢,2025-04-13T18:58:29.564718
f9eca25a-61f5-40d8-a62a-fbf7c92a3f1e,Agent_4,honest,claude-3-haiku-20240307,ðŸ’—,2025-04-13T18:58:29.564718
f9eca25a-61f5-40d8-a62a-fbf7c92a3f1e,Agent_5,byzantine,gpt-4-turbo,ðŸŸ ,2025-04-13T18:58:29.565217
f9eca25a-61f5-40d8-a62a-fbf7c92a3f1e,Agent_6,honest,gpt-4o,ðŸŸ¡,2025-04-13T18:58:29.565718
f9eca25a-61f5-40d8-a62a-fbf7c92a3f1e,Agent_7,honest,gpt-4-turbo,âš«,2025-04-13T18:58:29.565718
f9eca25a-61f5-40d8-a62a-fbf7c92a3f1e,Agent_8,honest,gpt-4,âšª,2025-04-13T18:58:29.566218
22ca786b-c995-4d3c-bd37-e9795c52046d,Agent_1,honest,gpt-4o,ðŸ”´,2025-04-13T19:00:59.920261
22ca786b-c995-4d3c-bd37-e9795c52046d,Agent_2,byzantine,gpt-4,ðŸ”µ,2025-04-13T19:00:59.920761
22ca786b-c995-4d3c-bd37-e9795c52046d,Agent_3,honest,claude-3-opus-20240229,ðŸŸ¢,2025-04-13T19:00:59.920761
22ca786b-c995-4d3c-bd37-e9795c52046d,Agent_4,honest,claude-3-haiku-20240307,ðŸ’—,2025-04-13T19:00:59.921261
22ca786b-c995-4d3c-bd37-e9795c52046d,Agent_5,byzantine,gpt-4-turbo,ðŸŸ ,2025-04-13T19:00:59.921261
22ca786b-c995-4d3c-bd37-e9795c52046d,Agent_6,honest,gpt-4o,ðŸŸ¡,2025-04-13T19:00:59.921761
22ca786b-c995-4d3c-bd37-e9795c52046d,Agent_7,honest,gpt-4-turbo,âš«,2025-04-13T19:00:59.922261
22ca786b-c995-4d3c-bd37-e9795c52046d,Agent_8,honest,gpt-4,âšª,2025-04-13T19:00:59.922261
8345e8e7-20c2-48bb-8bd7-f0f6fedc5939,Agent_1,honest,gpt-4o,ðŸ”´,2025-04-13T19:02:51.406416
8345e8e7-20c2-48bb-8bd7-f0f6fedc5939,Agent_2,byzantine,gpt-4,ðŸ”µ,2025-04-13T19:02:51.406916
8345e8e7-20c2-48bb-8bd7-f0f6fedc5939,Agent_3,honest,claude-3-opus-20240229,ðŸŸ¢,2025-04-13T19:02:51.407416
8345e8e7-20c2-48bb-8bd7-f0f6fedc5939,Agent_4,honest,claude-3-haiku-20240307,ðŸ’—,2025-04-13T19:02:51.407917
8345e8e7-20c2-48bb-8bd7-f0f6fedc5939,Agent_5,byzantine,gpt-4-turbo,ðŸŸ ,2025-04-13T19:02:51.407917
8345e8e7-20c2-48bb-8bd7-f0f6fedc5939,Agent_6,honest,gpt-4o,ðŸŸ¡,2025-04-13T19:02:51.408416
8345e8e7-20c2-48bb-8bd7-f0f6fedc5939,Agent_7,honest,gpt-4-turbo,âš«,2025-04-13T19:02:51.408914
8345e8e7-20c2-48bb-8bd7-f0f6fedc5939,Agent_8,honest,gpt-4,âšª,2025-04-13T19:02:51.408914
bc58d25e-649d-420a-a94e-fdc61addbbe5,Agent_1,honest,gpt-4o,ðŸ”´,2025-04-13T19:37:53.968488
bc58d25e-649d-420a-a94e-fdc61addbbe5,Agent_2,honest,gpt-4,ðŸ”µ,2025-04-13T19:37:53.968987
bc58d25e-649d-420a-a94e-fdc61addbbe5,Agent_3,honest,claude-3-opus-20240229,ðŸŸ¢,2025-04-13T19:37:53.969488
bc58d25e-649d-420a-a94e-fdc61addbbe5,Agent_4,honest,claude-3-haiku-20240307,ðŸ’—,2025-04-13T19:37:53.969488
bc58d25e-649d-420a-a94e-fdc61addbbe5,Agent_5,byzantine,gpt-4-turbo,ðŸŸ ,2025-04-13T19:37:53.969987
bc58d25e-649d-420a-a94e-fdc61addbbe5,Agent_6,byzantine,gpt-4o,ðŸŸ¡,2025-04-13T19:37:53.969987
bc58d25e-649d-420a-a94e-fdc61addbbe5,Agent_7,honest,gpt-4-turbo,âš«,2025-04-13T19:37:53.969987
bc58d25e-649d-420a-a94e-fdc61addbbe5,Agent_8,honest,gpt-4,âšª,2025-04-13T19:37:53.970488
